Emp_ID,Name,Age,Salary (INR),Experience (Years),City,Department,Performance Rating
2001,Pankaj Sharma,38,556725.0,2,Pune,Sales,2.6
2002,Swati Rao,55,654745.0,17,Chennai,Sales,3.3
2003,Alok Joshi,27,609870.0,1,Noida,Marketing,4.0
2004,Aditya Bansal,33,889765.0,8,Bhubaneswar,Operations,3.4
2005,Neha Rao,25,835831.0,3,Ahmedabad,IT,2.6
2006,Sneha Joshi,38,905253.0,4,Jaipur,R&D,4.4
2007,Anu Bansal,46,284493.0,19,Bangalore,Management,5.0
2008,Isha Reddy,56,1202068.0,29,Delhi,Marketing,4.4
2009,Tarun Singh,40,1202402.0,0,Nagpur,Operations,2.8
2010,Aditya Malhotra,40,526255.0,17,Chennai,Finance,4.9
2011,Meera Reddy,54,1170879.0,23,Bhubaneswar,R&D,3.1
2012,Sunil Nair,22,824775.0,2,Bangalore,R&D,4.2
2013,Vinod Kapoor,29,815630.0,6,Bhubaneswar,IT,5.0
2014,Kavita Gupta,46,1496073.0,14,Jaipur,HR,4.7
2015,Rakesh Singh,24,2782344.0,1,Goa,Customer Support,4.7
2016,Priya Mehta,45,217590.0,25,Noida,Customer Support,3.2
2017,Priya Bansal,55,333021.0,32,Bangalore,Finance,2.7
2018,Manish Joshi,28,1418975.0,5,Kochi,Sales,3.3
2019,Arjun Joshi,29,909892.0,1,Bangalore,R&D,3.2
2020,Preeti Verma,36,649014.0,0,Noida,Marketing,2.8
2021,Deepika Reddy,28,437273.0,4,Mumbai,HR,4.6
2022,Rajesh Sharma,42,1237046.0,,Bangalore,Finance,4.6
2023,Hema Kapoor,30,702229.0,10,Jaipur,HR,3.9
2024,Sagar Choudhary,30,1113643.0,5,Goa,Sales,4.5
2025,Kavita Joshi,23,1050639.0,0,Pune,Management,4.7
2026,Neha Desai,53,1138544.0,6,Nagpur,Management,4.5
2027,Anu Choudhary,53,663172.0,27,Bangalore,Operations,4.2
2028,Pankaj Reddy,40,763938.0,12,Hyderabad,Legal,3.5
2029,Amit Patil,39,120000.0,5,Bangalore,Marketing,4.1
2030,Gopal Verma,36,895281.0,2,Bhubaneswar,Management,3.9
2031,Kiran Khanna,46,8299546.0,24,Goa,Sales,4.9
2032,Isha Saxena,24,1203445.0,2,Bhubaneswar,Legal,4.7
2033,Anu Malhotra,56,708067.0,33,Dehradun,Sales,2.7
2034,Rohit Mishra,38,120000.0,13,Goa,Operations,3.5
2035,Vinod Malhotra,47,-311827.0,,Varanasi,Marketing,4.6
2036,Sagar Kapoor,55,739446.0,29,Chennai,Legal,4.8
2037,Hema Bansal,22,275322.0,2,Surat,Marketing,4.6
2038,Arjun Malhotra,26,672873.0,0,Delhi,Sales,2.6
2039,Ramesh Mishra,29,730538.0,11,Kolkata,Finance,2.8
2040,Riya Patil,57,513598.0,38,Kolkata,Legal,3.4
2041,Anu Das,44,202181.0,4,Goa,Finance,4.9
2042,Neha Choudhary,55,1084573.0,17,Bhubaneswar,Sales,3.9
2043,Kiran Nair,22,744501.0,2,Noida,IT,3.0
2044,Manish Reddy,47,719210.0,7,Surat,Sales,4.0
2045,Pooja Kapoor,54,800676.0,34,Hyderabad,Sales,3.7
2046,Hema Chowdhury,54,1058120.0,3,Noida,Marketing,2.8
2047,Vikas Singh,21,840995.0,0,Surat,Customer Support,4.1
2048,Priya Kumar,30,390306.0,6,Bhubaneswar,Customer Support,4.0
2049,Anu Patil,57,952110.0,10,Jaipur,Finance,2.9
2050,Sagar Saxena,59,729724.0,16,Mysore,Sales,3.9
2051,Ramesh Reddy,30,250410.0,4,Gurgaon,R&D,2.7
2052,Rajesh Iyer,41,819406.0,,Kochi,Legal,
2053,Sameer Khanna,54,1926842.0,22,Goa,Operations,2.8
2054,Meera Nair,47,927380.0,10,Kolkata,Management,4.6
2055,Amit Das,55,723791.0,17,Noida,Finance,3.6
2056,Vikas Singh,22,548065.0,3,Kolkata,Finance,4.3
2057,Tarun Rao,38,643542.0,4,Bangalore,Marketing,4.6
2058,Gopal Shukla,53,1656713.0,21,Noida,R&D,4.8
2059,Swati Rao,36,811068.0,12,Chennai,Customer Support,2.8
2060,Hema Nair,27,1185836.0,2,Bangalore,Customer Support,3.2
2061,Irfan Rao,46,1408945.0,24,Dehradun,R&D,
2062,Sunil Mishra,39,702255.0,1,Ahmedabad,IT,3.4
2063,Ramesh Mishra,54,569819.0,31,Mysore,Finance,4.1
2064,Devika Reddy,21,1236302.0,2,Goa,Marketing,3.3
2065,Kiran Aggarwal,51,335502.0,25,Kochi,IT,4.2
2066,Priya Choudhary,52,983484.0,8,Kolkata,IT,3.6
2067,Hema Desai,29,370944.0,8,Gurgaon,Marketing,3.1
2068,Pooja Shukla,39,993060.0,21,Surat,R&D,4.5
2069,Amit Reddy,55,361376.0,14,Dehradun,IT,4.9
2070,Sneha Choudhary,35,1014003.0,1,Lucknow,Customer Support,3.1
2071,Nitin Kumar,45,658290.0,13,Kolkata,Customer Support,4.8
2072,Neha Gupta,44,418088.0,20,Varanasi,IT,3.0
2073,Pankaj Aggarwal,50,412152.0,13,Bangalore,R&D,3.0
2074,Anjali Nair,30,1215738.0,1,Delhi,Finance,
2075,Manish Bansal,41,329793.0,14,Gurgaon,Sales,2.6
2076,Isha Patil,50,846448.0,28,Bangalore,HR,2.9
2077,Deepika Reddy,60,942082.0,6,Kolkata,R&D,3.0
2078,Kumar Mishra,47,557867.0,4,Dehradun,HR,2.7
2079,Anu Singh,44,1208136.0,21,Goa,IT,4.0
2080,Preeti Singh,57,755716.0,17,Mysore,Sales,4.6
2081,Irfan Choudhary,56,1043188.0,,Chennai,Legal,2.7
2082,Riya Verma,54,429911.0,5,Mumbai,Finance,4.0
2083,Alok Reddy,49,955249.0,18,Mysore,Customer Support,3.3
2084,Anjali Joshi,59,992355.0,14,Gurgaon,R&D,4.5
2085,Sunil Joshi,23,673037.0,2,Kolkata,Management,
2086,Sneha Mehta,60,666192.0,5,Surat,Marketing,3.1
2087,Meera Verma,53,935023.0,9,Jaipur,HR,3.0
2088,Kunal Kumar,25,734381.0,5,Ahmedabad,Finance,3.7
2089,Suresh Shukla,38,841961.0,20,Bangalore,Legal,3.5
2090,Hema Kapoor,23,577700.0,0,Ahmedabad,HR,2.9
2091,Manish Rao,49,862532.0,21,Bangalore,Operations,4.2
2092,Rohit Reddy,59,1115027.0,25,Chennai,Legal,2.7
2093,Rakesh Joshi,42,1368901.0,13,Gurgaon,Operations,
2094,Suresh Mehta,34,308787.0,16,Noida,R&D,
2095,Gopal Chowdhury,60,364107.0,28,Mumbai,Management,4.3
2096,Kumar Choudhary,39,1511027.0,6,Varanasi,Legal,3.7
2097,Rohit Chowdhury,45,753259.0,15,Varanasi,R&D,4.3
2098,Isha Aggarwal,28,158495.0,3,Bhubaneswar,Operations,3.5
2099,Mohan Pandey,44,666090.0,9,Dehradun,Finance,3.7
2100,Irfan Sharma,26,873068.0,7,Bangalore,HR,3.7
2101,Nitin Sharma,53,-194977.0,5,Gurgaon,Operations,3.8
2102,Tarun Shukla,53,807914.0,,Bangalore,Operations,4.1
2103,Kavita Chowdhury,58,979697.0,29,Dehradun,Finance,2.7
2104,Devika Gupta,39,120000.0,15,Kochi,IT,3.0
2105,Preeti Aggarwal,24,1106941.0,3,Ahmedabad,Finance,3.7
2106,Isha Reddy,26,910719.0,4,Lucknow,Customer Support,3.6
2107,Kumar Desai,49,890797.0,28,Mumbai,Finance,4.4
2108,Aditya Desai,45,339287.0,10,Kochi,Sales,2.6
2109,Sameer Khanna,54,581922.0,31,Pune,HR,2.7
2110,Sameer Rao,49,1126695.0,11,Varanasi,R&D,5.0
2111,Deepika Mishra,52,314746.0,30,Gurgaon,Management,4.6
2112,Sunil Kumar,41,918702.0,5,Chennai,Management,4.7
2113,Pankaj Pandey,30,597629.0,1,Kochi,Sales,3.9
2114,Deepika Tiwari,40,832283.0,19,Ahmedabad,Legal,
2115,Riya Verma,23,555597.0,5,Lucknow,Customer Support,4.5
2116,Mohan Patil,50,673662.0,22,Surat,Finance,3.8
2117,Kavita Nair,36,720162.0,7,Hyderabad,Operations,4.3
2118,Swati Chowdhury,31,,3,Pune,Legal,2.6
2119,Vikas Choudhary,51,507907.0,18,Bangalore,Management,4.4
2120,Neha Malhotra,60,883458.0,9,Pune,Legal,3.8
2121,Rajesh Gupta,29,1460287.0,5,Hyderabad,Management,4.3
2122,Suresh Bansal,42,759726.0,3,Goa,Legal,4.7
2123,Riya Choudhary,51,306193.0,33,Nagpur,Management,4.2
2124,Rajesh Bansal,28,389370.0,7,Mumbai,Finance,3.9
2125,Pooja Pandey,45,603154.0,20,Kochi,Legal,4.9
2126,Neha Kapoor,40,564436.0,8,Lucknow,HR,3.9
2127,Mohan Malhotra,43,558239.0,6,Noida,Marketing,4.2
2128,Deepika Singh,60,956432.0,21,Dehradun,HR,2.8
2129,Rakesh Mehta,47,1585096.0,1,Bangalore,Legal,4.3
2130,Rajesh Mehta,47,1052332.0,27,Lucknow,IT,
2131,Shweta Choudhary,27,1170041.0,8,Bhubaneswar,Marketing,2.8
2132,Meera Reddy,50,4827901.0,12,Hyderabad,Legal,4.7
2133,Anu Pandey,41,510886.0,10,Lucknow,Legal,2.5
2134,Aditya Rao,36,538182.0,9,Varanasi,Legal,4.9
2135,Pooja Kumar,50,1159623.0,13,Jaipur,Legal,2.7
2136,Kumar Pandey,44,120000.0,10,Gurgaon,Customer Support,3.0
2137,Hema Khanna,26,1218941.0,4,Delhi,Management,2.5
2138,Vinod Bansal,25,297766.0,0,Lucknow,Management,2.8
2139,Sagar Desai,45,345237.0,27,Varanasi,HR,3.8
2140,Isha Kumar,35,1645209.0,7,Jaipur,Customer Support,3.2
2141,Pankaj Gupta,47,1924969.0,21,Mumbai,Sales,3.5
2142,Anjali Kapoor,34,1490541.0,10,Jaipur,Marketing,5.0
2143,Isha Mishra,47,611504.0,15,Mumbai,Operations,4.2
2144,Isha Nair,47,664576.0,4,Bhubaneswar,IT,4.9
2145,Rakesh Pandey,29,652363.0,3,Mumbai,Marketing,4.0
2146,Rajesh Aggarwal,25,120000.0,0,Pune,Sales,2.8
2147,Pooja Mishra,59,970158.0,19,Kochi,Operations,3.7
2148,Kavita Shukla,51,1000903.0,1,Kochi,R&D,3.9
2149,Sagar Patil,30,492782.0,12,Dehradun,Customer Support,4.3
2150,Preeti Mehta,29,1030686.0,1,Mumbai,IT,4.6
2151,Anjali Verma,30,533704.0,,Noida,Management,
2152,Isha Reddy,38,782661.0,3,Gurgaon,Finance,4.0
2153,Arjun Malhotra,43,498499.0,21,Bangalore,IT,3.4
2154,Rakesh Khanna,24,1049998.0,0,Gurgaon,IT,4.8
2155,Shweta Khanna,38,792810.0,12,Bangalore,Marketing,3.1
2156,Kiran Das,55,301147.0,3,Kolkata,Management,2.7
2157,Kunal Chowdhury,60,1241503.0,22,Noida,Management,4.2
2158,Kiran Verma,60,572981.0,24,Ahmedabad,Operations,2.5
2159,Suresh Saxena,44,939772.0,2,Varanasi,R&D,4.0
2160,Sneha Aggarwal,45,207675.0,16,Hyderabad,Management,3.2
2161,Neha Khanna,30,246383.0,10,Dehradun,Legal,3.6
2162,Deepika Patil,21,1188148.0,1,Lucknow,Operations,4.2
2163,Pooja Nair,32,304307.0,6,Varanasi,HR,3.0
2164,Nitin Mehta,56,1115376.0,31,Chennai,Marketing,4.1
2165,Anu Shukla,45,727408.0,11,Noida,Legal,2.7
2166,Manish Das,43,188415.0,25,Goa,HR,
2167,Arjun Mishra,53,1114075.0,32,Chennai,Operations,3.7
2168,Rohit Iyer,26,410530.0,7,Ahmedabad,HR,4.5
2169,Pankaj Sharma,42,1048771.0,17,Goa,Customer Support,3.5
2170,Sameer Mehta,48,490796.0,inf,Pune,Sales,4.3
2171,Sunil Bansal,27,1171596.0,5,Nagpur,Management,4.0
2172,Preeti Desai,50,1160759.0,7,Jaipur,Marketing,3.4
2173,Ramesh Pandey,45,688176.0,5,Noida,Finance,2.9
2174,Sneha Malhotra,49,1328857.0,31,Goa,Customer Support,4.6
2175,Vikas Mehta,26,958862.0,7,Noida,R&D,2.8
2176,Nitin Malhotra,44,862691.0,20,Jaipur,Marketing,2.6
2177,Arjun Desai,26,985480.0,2,Nagpur,Finance,4.5
2178,Priya Bansal,43,802199.0,16,Kolkata,Finance,4.5
2179,Priya Reddy,29,901399.0,2,Mysore,Marketing,3.4
2180,Sunil Tiwari,26,496873.0,1,Bhubaneswar,Operations,4.5
2181,Mohan Yadav,48,1169106.0,25,Ahmedabad,IT,
2182,Devika Sharma,28,120000.0,10,Hyderabad,IT,3.3
2183,Anjali Iyer,26,,6,Chennai,Customer Support,3.5
2184,Kavita Singh,41,626793.0,2,Gurgaon,Legal,
2185,Meera Saxena,43,1139878.0,3,Chennai,HR,3.5
2186,Anu Nair,29,287344.0,0,Lucknow,Sales,3.8
2187,Mohan Patil,24,1647142.0,0,Varanasi,Operations,4.7
2188,Shweta Iyer,44,786531.0,,Pune,IT,4.9
2189,Mohan Pandey,39,917983.0,8,Bangalore,Marketing,4.8
2190,Ramesh Kapoor,41,555219.0,7,Mumbai,Sales,3.6
2191,Devika Choudhary,59,3151015.0,22,Gurgaon,R&D,4.3
2192,Meera Desai,29,922177.0,9,Bangalore,Customer Support,3.4
2193,Vikas Aggarwal,57,492301.0,0,Mumbai,IT,3.7
2194,Kiran Kumar,32,1150484.0,4,Bangalore,Legal,3.8
2195,Priya Mehta,35,718294.0,inf,Pune,Marketing,3.3
2196,Irfan Mishra,50,1084206.0,0,Ahmedabad,IT,3.4
2197,Suresh Singh,34,775512.0,7,Gurgaon,Management,3.4
2198,Alok Bansal,27,759753.0,4,Kochi,Operations,3.5
2199,Sneha Nair,49,589338.0,29,Ahmedabad,Management,3.4
2200,Vinod Saxena,40,588023.0,6,Ahmedabad,Finance,3.1
2201,Preeti Joshi,53,330638.0,35,Jaipur,HR,4.5
2202,Deepika Singh,21,524226.0,0,Delhi,HR,4.1
2203,Deepika Verma,42,591871.0,8,Kochi,Customer Support,2.6
2204,Irfan Choudhary,36,941597.0,16,Jaipur,R&D,5.0
2205,Preeti Khanna,55,1029690.0,1,Kochi,IT,3.7
2206,Preeti Chowdhury,58,120000.0,14,Mysore,Management,4.6
2207,Sameer Mehta,36,,18,Chennai,Legal,4.6
2208,Vikas Kapoor,40,6009662.0,inf,Nagpur,Sales,3.4
2209,Sameer Shukla,41,905463.0,21,Surat,Legal,3.3
2210,Deepika Mehta,48,867765.0,18,Hyderabad,Management,4.2
2211,Deepika Mehta,21,1595310.0,0,Jaipur,Operations,2.9
2212,Alok Malhotra,42,702650.0,,Surat,Customer Support,4.9
2213,Sagar Khanna,45,594741.0,14,Bangalore,IT,3.3
2214,Kavita Verma,42,405653.0,19,Dehradun,IT,4.1
2215,Kunal Iyer,31,314905.0,10,Lucknow,Marketing,2.6
2216,Shweta Kapoor,52,396690.0,1,Pune,Finance,4.9
2217,Pooja Aggarwal,28,542651.0,6,Varanasi,Finance,3.2
2218,Devika Reddy,35,1254280.0,13,Mysore,Sales,4.6
2219,Isha Iyer,55,812016.0,33,Mysore,Legal,4.9
2220,Kumar Mehta,31,327386.0,4,Ahmedabad,HR,3.9
2221,Rakesh Nair,38,7875482.0,13,Kolkata,Management,3.9
2222,Hema Chowdhury,27,1383433.0,6,Dehradun,Legal,2.6
2223,Neha Joshi,30,991499.0,7,Kochi,Operations,
2224,Suresh Patil,38,496476.0,2,Pune,Customer Support,4.6
2225,Vikas Chowdhury,54,761835.0,1,Hyderabad,Sales,3.0
2226,Priya Mishra,23,403635.0,0,Delhi,Sales,4.0
2227,Sameer Aggarwal,51,837102.0,24,Mumbai,Finance,4.4
2228,Vinod Aggarwal,35,,0,Dehradun,Finance,4.0
2229,Amit Mishra,37,1989220.0,14,Kochi,Sales,4.2
2230,Irfan Joshi,58,219272.0,19,Kolkata,Customer Support,5.0
2231,Sneha Aggarwal,38,211041.0,19,Surat,Operations,4.3
2232,Vikas Patil,37,1195524.0,7,Noida,Customer Support,4.2
2233,Tarun Patil,31,519649.0,10,Ahmedabad,HR,3.1
2234,Suresh Iyer,42,548155.0,19,Bangalore,Customer Support,3.8
2235,Kiran Pandey,40,311401.0,14,Chennai,Operations,3.0
2236,Alok Khanna,42,-153407.0,18,Hyderabad,Customer Support,4.4
2237,Deepika Choudhary,48,895859.0,0,Ahmedabad,R&D,4.2
2238,Manish Mishra,43,613481.0,14,Gurgaon,Legal,3.6
2239,Deepika Nair,52,636942.0,8,Pune,IT,2.9
2240,Aditya Rao,23,523792.0,0,Mumbai,HR,3.5
2241,Rakesh Reddy,51,-230657.0,17,Nagpur,Legal,3.5
2242,Kavita Pandey,60,429695.0,18,Hyderabad,IT,4.8
2243,Pooja Nair,36,879499.0,7,Bhubaneswar,Marketing,2.6
2244,Sameer Aggarwal,23,1108918.0,0,Chennai,Finance,4.7
2245,Irfan Reddy,26,623664.0,7,Goa,Finance,4.2
2246,Priya Aggarwal,31,723798.0,13,Chennai,Customer Support,2.8
2247,Sagar Saxena,23,813105.0,5,Nagpur,HR,4.3
2248,Pooja Desai,45,3316402.0,15,Hyderabad,HR,3.3
2249,Gopal Reddy,24,760049.0,0,Dehradun,Customer Support,5.0
2250,Riya Singh,46,2762487.0,20,Lucknow,R&D,4.1
2251,Devika Nair,44,1086005.0,3,Jaipur,IT,4.6
2252,Rohit Kapoor,54,658008.0,16,Nagpur,Sales,4.8
2253,Mohan Yadav,50,1011392.0,7,Bhubaneswar,Customer Support,4.9
2254,Deepika Khanna,21,770805.0,1,Mysore,Finance,2.8
2255,Kiran Das,59,852050.0,25,Ahmedabad,Marketing,2.8
2256,Sagar Choudhary,53,310850.0,18,Varanasi,Finance,4.1
2257,Sameer Pandey,55,936937.0,26,Noida,Marketing,3.6
2258,Amit Pandey,27,888719.0,4,Pune,R&D,
2259,Kumar Singh,60,802389.0,24,Goa,Operations,2.6
2260,Arjun Yadav,60,702073.0,12,Pune,Marketing,5.0
2261,Sunil Mehta,32,924018.0,0,Ahmedabad,Customer Support,2.9
2262,Ramesh Nair,59,972902.0,14,Hyderabad,R&D,3.8
2263,Sagar Kapoor,55,653223.0,33,Dehradun,R&D,5.0
2264,Amit Singh,43,379128.0,25,Kolkata,Management,4.3
2265,Riya Pandey,44,768987.0,3,Hyderabad,R&D,4.1
2266,Vinod Das,34,1163191.0,2,Chennai,IT,3.3
2267,Alok Verma,24,469396.0,3,Goa,Operations,
2268,Pankaj Kapoor,21,991565.0,0,Lucknow,Marketing,3.2
2269,Kumar Joshi,46,462814.0,9,Varanasi,IT,3.9
2270,Pankaj Gupta,21,828237.0,1,Goa,R&D,3.0
2271,Irfan Malhotra,37,506586.0,14,Noida,HR,2.7
2272,Kavita Yadav,58,737520.0,20,Dehradun,Customer Support,4.1
2273,Hema Kumar,57,976662.0,27,Kochi,Operations,4.3
2274,Pooja Saxena,49,617411.0,8,Noida,Sales,4.7
2275,Sunil Reddy,25,1207987.0,7,Chennai,Operations,4.7
2276,Hema Reddy,39,,19,Hyderabad,R&D,2.9
2277,Shweta Bansal,30,1047768.0,0,Pune,R&D,3.4
2278,Pooja Saxena,23,869851.0,4,Bangalore,R&D,4.9
2279,Anjali Pandey,46,120000.0,5,Jaipur,HR,3.2
2280,Ramesh Mehta,31,432285.0,7,Dehradun,Sales,4.1
2281,Sagar Sharma,36,120000.0,8,Hyderabad,R&D,4.0
2282,Shweta Tiwari,22,280457.0,4,Hyderabad,Legal,3.2
2283,Gopal Saxena,59,826682.0,26,Chennai,Legal,3.7
2284,Irfan Choudhary,23,1275550.0,0,Goa,R&D,4.7
2285,Isha Iyer,35,1301883.0,3,Goa,Finance,4.4
2286,Alok Patil,59,1165342.0,0,Surat,Sales,3.3
2287,Aditya Singh,30,633766.0,6,Pune,Management,3.9
2288,Sameer Desai,56,797970.0,7,Jaipur,Customer Support,4.9
2289,Kavita Yadav,53,652013.0,0,Bangalore,Finance,4.0
2290,Alok Verma,37,552841.0,19,Mumbai,Finance,3.6
2291,Swati Aggarwal,54,883985.0,,Hyderabad,HR,4.4
2292,Preeti Das,46,7902408.0,9,Noida,Legal,4.9
2293,Neha Mishra,59,-101768.0,4,Gurgaon,Marketing,2.8
2294,Tarun Reddy,55,1230211.0,29,Bhubaneswar,Legal,3.7
2295,Arjun Verma,45,899765.0,inf,Kochi,Sales,3.5
2296,Gopal Verma,56,1287263.0,12,Dehradun,Sales,3.1
2297,Arjun Yadav,35,491749.0,15,Nagpur,IT,3.9
2298,Rajesh Aggarwal,51,627345.0,32,Kochi,Management,3.9
2299,Priya Pandey,48,719224.0,22,Gurgaon,Customer Support,2.5
2300,Vinod Joshi,58,342303.0,21,Varanasi,Finance,3.0
2301,Aditya Desai,46,574828.0,7,Noida,Management,3.0
2302,Ramesh Khanna,21,328699.0,2,Kochi,R&D,2.6
2303,Kavita Rao,31,708680.0,4,Varanasi,IT,3.4
2304,Kunal Yadav,57,891008.0,28,Bangalore,Management,3.7
2305,Ramesh Aggarwal,31,618534.0,10,Lucknow,Marketing,3.5
2306,Kumar Chowdhury,44,1087330.0,8,Bangalore,Sales,2.8
2307,Sunil Khanna,56,120000.0,28,Chennai,Finance,2.9
2308,Rajesh Das,43,1098140.0,22,Noida,Finance,3.6
2309,Shweta Iyer,54,945460.0,26,Kochi,Finance,2.5
2310,Deepika Desai,39,729751.0,inf,Goa,Marketing,4.5
2311,Rakesh Desai,33,619063.0,8,Bangalore,Management,3.8
2312,Irfan Shukla,38,203971.0,20,Bhubaneswar,Legal,4.3
2313,Vikas Yadav,41,778004.0,4,Delhi,Customer Support,3.6
2314,Vikas Desai,50,882589.0,30,Hyderabad,Sales,3.1
2315,Kiran Malhotra,21,120000.0,1,Dehradun,Management,3.3
2316,Sneha Mehta,23,1104194.0,5,Pune,HR,3.6
2317,Amit Mehta,38,841384.0,4,Varanasi,HR,3.7
2318,Irfan Nair,24,1379374.0,6,Bhubaneswar,Sales,
2319,Kiran Desai,29,1055458.0,7,Kochi,Legal,3.9
2320,Sunil Pandey,30,567276.0,0,Nagpur,Operations,3.1
2321,Sunil Das,55,1006734.0,20,Kolkata,HR,2.7
2322,Deepika Mehta,23,372612.0,5,Mysore,Marketing,
2323,Anjali Choudhary,25,1156965.0,0,Nagpur,Marketing,4.3
2324,Suresh Verma,34,1063426.0,13,Kolkata,Legal,3.6
2325,Anu Singh,31,1173647.0,5,Noida,Operations,3.5
2326,Anu Malhotra,41,911780.0,14,Surat,IT,5.0
2327,Kunal Sharma,54,478640.0,36,Mysore,Finance,3.7
2328,Ramesh Kumar,37,542629.0,2,Ahmedabad,Customer Support,4.6
2329,Shweta Malhotra,27,838737.0,5,Goa,Management,2.8
2330,Anjali Reddy,59,841108.0,9,Mumbai,Management,4.4
2331,Shweta Pandey,26,494905.0,6,Kochi,HR,3.6
2332,Deepika Chowdhury,29,734490.0,3,Bangalore,Marketing,3.3
2333,Shweta Verma,28,944224.0,5,Nagpur,Customer Support,3.6
2334,Anjali Yadav,44,120000.0,26,Lucknow,IT,4.5
2335,Suresh Saxena,51,781117.0,1,Surat,Legal,3.8
2336,Arjun Mehta,24,120000.0,inf,Surat,Marketing,4.8
2337,Aditya Aggarwal,27,876687.0,8,Bangalore,Finance,4.9
2338,Rakesh Rao,22,-368776.0,1,Gurgaon,Marketing,4.1
2339,Kiran Malhotra,22,478214.0,1,Goa,Sales,3.6
2340,Suresh Choudhary,42,711834.0,22,Gurgaon,Finance,4.8
2341,Ramesh Tiwari,57,1148408.0,1,Ahmedabad,Management,3.3
2342,Neha Kumar,33,435562.0,7,Jaipur,IT,4.2
2343,Pooja Kumar,53,1174759.0,14,Mumbai,Management,2.5
2344,Neha Iyer,35,929945.0,14,Jaipur,Management,2.6
2345,Kiran Reddy,41,120000.0,3,Bhubaneswar,Customer Support,2.6
2346,Manish Pandey,55,493038.0,25,Lucknow,Marketing,3.6
2347,Irfan Gupta,54,1240578.0,34,Chennai,Management,3.6
2348,Sameer Saxena,58,423653.0,40,Varanasi,HR,3.5
2349,Tarun Choudhary,31,622311.0,13,Chennai,Finance,2.6
2350,Suresh Patil,49,,,Dehradun,Customer Support,2.5
2351,Vikas Mishra,34,860491.0,6,Mumbai,Finance,4.1
2352,Rajesh Kumar,23,1422066.0,5,Lucknow,Legal,4.2
2353,Shweta Shukla,56,363906.0,24,Bangalore,Management,2.7
2354,Pooja Kumar,28,924856.0,10,Gurgaon,HR,4.2
2355,Rohit Iyer,59,1056250.0,40,Dehradun,Customer Support,4.7
2356,Anjali Rao,39,,2,Lucknow,Marketing,3.3
2357,Amit Singh,42,374763.0,21,Dehradun,Customer Support,4.1
2358,Pooja Kumar,50,1301976.0,19,Mysore,Operations,2.5
2359,Shweta Das,42,1270291.0,10,Mumbai,Marketing,3.7
2360,Manish Desai,49,1057975.0,5,Bhubaneswar,R&D,
2361,Pooja Pandey,30,1068088.0,10,Chennai,Sales,3.6
2362,Isha Singh,21,621103.0,2,Delhi,Legal,4.1
2363,Vinod Nair,33,472914.0,0,Nagpur,R&D,3.0
2364,Preeti Kapoor,41,1215300.0,0,Dehradun,IT,2.6
2365,Anu Joshi,32,1022374.0,12,Noida,HR,4.4
2366,Devika Bansal,29,893416.0,2,Nagpur,Marketing,3.5
2367,Gopal Shukla,41,718594.0,19,Mysore,Finance,3.5
2368,Kavita Nair,56,1219373.0,30,Surat,HR,4.5
2369,Hema Iyer,48,816608.0,26,Dehradun,HR,3.7
2370,Rakesh Singh,49,1645404.0,0,Chennai,Finance,3.2
2371,Irfan Bansal,49,127062.0,27,Varanasi,HR,4.0
2372,Tarun Joshi,29,641384.0,2,Dehradun,Finance,3.5
2373,Aditya Malhotra,47,-388189.0,4,Bangalore,Finance,3.5
2374,Devika Shukla,59,1494575.0,27,Nagpur,IT,4.6
2375,Manish Rao,53,801497.0,5,Chennai,R&D,5.0
2376,Neha Saxena,54,241436.0,19,Nagpur,IT,3.8
2377,Amit Khanna,50,765553.0,2,Nagpur,Marketing,3.9
2378,Priya Tiwari,51,869258.0,8,Gurgaon,HR,3.2
2379,Deepika Choudhary,38,552789.0,11,Hyderabad,Marketing,3.1
2380,Sameer Shukla,54,1109121.0,26,Surat,Sales,4.3
2381,Meera Yadav,57,983279.0,19,Dehradun,R&D,4.2
2382,Kiran Khanna,37,646226.0,13,Nagpur,Marketing,3.2
2383,Kavita Reddy,58,437206.0,11,Ahmedabad,R&D,
2384,Amit Malhotra,25,283960.0,3,Nagpur,HR,2.8
2385,Kunal Kumar,45,1768490.0,14,Bangalore,Customer Support,3.2
2386,Anu Rao,41,120000.0,8,Hyderabad,Customer Support,4.9
2387,Swati Choudhary,46,337308.0,22,Kochi,HR,
2388,Sunil Bansal,37,2317388.0,10,Surat,Legal,
2389,Vikas Khanna,48,519905.0,24,Dehradun,HR,4.8
2390,Preeti Nair,40,573811.0,14,Lucknow,Sales,2.6
2391,Kiran Das,33,535017.0,6,Chennai,IT,4.3
2392,Hema Mishra,52,400138.0,1,Mumbai,Operations,4.5
2393,Rajesh Joshi,28,207006.0,3,Bangalore,IT,3.7
2394,Riya Khanna,60,459027.0,37,Bangalore,HR,4.0
2395,Irfan Mishra,25,1095899.0,2,Ahmedabad,Sales,4.0
2396,Gopal Verma,28,142043.0,2,Kolkata,Legal,2.9
2397,Vikas Verma,21,1081737.0,1,Kochi,R&D,3.1
2398,Sameer Choudhary,23,971921.0,4,Jaipur,Sales,3.8
2399,Kavita Choudhary,44,759175.0,15,Dehradun,Finance,4.8
2400,Priya Tiwari,44,502150.0,17,Hyderabad,Finance,3.7
2401,Pankaj Verma,36,1104370.0,10,Jaipur,HR,3.5
2402,Swati Joshi,35,120000.0,11,Chennai,Customer Support,4.1
2403,Neha Yadav,42,120000.0,10,Jaipur,Marketing,4.5
2404,Irfan Mehta,57,120000.0,15,Jaipur,Operations,3.1
2405,Hema Kumar,57,1195908.0,25,Dehradun,HR,3.1
2406,Rakesh Chowdhury,21,962209.0,,Lucknow,Finance,4.6
2407,Hema Sharma,50,722573.0,0,Bangalore,Management,3.3
2408,Rajesh Patil,48,1295986.0,10,Mumbai,R&D,4.2
2409,Priya Singh,45,519942.0,6,Chennai,Operations,2.8
2410,Pooja Reddy,58,1564186.0,27,Kochi,IT,3.4
2411,Vikas Pandey,54,1155484.0,4,Pune,Customer Support,3.5
2412,Sameer Patil,25,398294.0,4,Goa,R&D,3.7
2413,Sagar Saxena,22,604959.0,2,Ahmedabad,Customer Support,4.2
2414,Rakesh Saxena,50,602866.0,3,Chennai,Operations,4.9
2415,Irfan Mehta,55,1470225.0,8,Bhubaneswar,Marketing,3.0
2416,Rajesh Das,41,,14,Ahmedabad,Finance,
2417,Nitin Pandey,42,886261.0,18,Bhubaneswar,Operations,4.3
2418,Rajesh Kumar,56,848267.0,17,Pune,IT,4.6
2419,Alok Pandey,46,458038.0,27,Goa,Operations,2.5
2420,Preeti Desai,40,1028299.0,18,Nagpur,HR,3.3
2421,Isha Nair,25,-344918.0,7,Mysore,Finance,4.6
2422,Rohit Kapoor,52,,inf,Kochi,Marketing,4.6
2423,Pooja Singh,39,643713.0,2,Nagpur,Operations,3.9
2424,Arjun Tiwari,51,4177155.0,20,Bhubaneswar,Finance,2.6
2425,Aditya Iyer,43,334670.0,19,Hyderabad,R&D,3.3
2426,Suresh Reddy,44,-281670.0,13,Ahmedabad,Finance,2.9
2427,Anjali Malhotra,33,1185895.0,3,Goa,Customer Support,2.8
2428,Deepika Sharma,51,429714.0,11,Lucknow,IT,2.8
2429,Deepika Aggarwal,30,927004.0,0,Dehradun,Management,
2430,Kavita Gupta,53,864408.0,7,Nagpur,Sales,3.0
2431,Preeti Sharma,26,404659.0,1,Kolkata,Legal,3.8
2432,Swati Patil,31,1315689.0,5,Mysore,Finance,4.9
2433,Sameer Malhotra,43,1294809.0,16,Chennai,Customer Support,4.3
2434,Rakesh Reddy,23,212098.0,1,Noida,Management,4.6
2435,Swati Aggarwal,25,7655254.0,7,Gurgaon,HR,3.5
2436,Hema Singh,31,490281.0,11,Mysore,Legal,4.5
2437,Mohan Desai,51,328489.0,,Mumbai,HR,2.6
2438,Sameer Joshi,59,887883.0,29,Pune,Marketing,3.7
2439,Arjun Kapoor,42,8408602.0,3,Surat,Customer Support,3.4
2440,Devika Gupta,23,131515.0,3,Dehradun,HR,3.7
2441,Rakesh Das,55,839820.0,22,Lucknow,Operations,4.0
2442,Deepika Malhotra,44,368065.0,11,Goa,Operations,3.1
2443,Manish Tiwari,40,1423147.0,14,Goa,Legal,3.6
2444,Riya Rao,51,619274.0,32,Ahmedabad,Finance,3.4
2445,Anu Yadav,52,496352.0,6,Mysore,Operations,3.9
2446,Isha Khanna,48,120000.0,6,Goa,Management,3.8
2447,Rakesh Mehta,22,922273.0,2,Noida,Legal,4.8
2448,Shweta Reddy,24,772836.0,2,Bangalore,Sales,3.2
2449,Rohit Tiwari,31,351841.0,7,Dehradun,R&D,3.6
2450,Rajesh Yadav,31,1011463.0,0,Bangalore,Operations,4.7
2451,Sagar Desai,26,330408.0,8,Kochi,Customer Support,3.1
2452,Pankaj Chowdhury,41,482269.0,5,Pune,Marketing,3.1
2453,Hema Gupta,52,822637.0,9,Varanasi,Customer Support,4.6
2454,Riya Tiwari,59,488293.0,15,Bhubaneswar,Management,
2455,Mohan Reddy,40,531597.0,13,Mumbai,Marketing,4.6
2456,Vikas Khanna,47,1166668.0,2,Varanasi,Management,4.5
2457,Sneha Saxena,22,1226210.0,inf,Pune,Marketing,2.7
2458,Meera Mishra,54,1349082.0,28,Dehradun,Finance,4.2
2459,Sneha Shukla,39,414491.0,0,Noida,Legal,4.8
2460,Devika Yadav,37,907838.0,18,Kolkata,IT,3.6
2461,Devika Malhotra,52,1008294.0,18,Pune,Management,4.5
2462,Riya Patil,37,435920.0,10,Surat,Sales,4.3
2463,Kunal Reddy,25,607602.0,0,Delhi,Marketing,3.5
2464,Mohan Das,44,325648.0,8,Kolkata,Operations,
2465,Deepika Khanna,38,1058762.0,4,Noida,Customer Support,2.9
2466,Anjali Mehta,23,726811.0,5,Noida,Customer Support,2.8
2467,Ramesh Singh,43,499693.0,0,Gurgaon,Legal,4.8
2468,Manish Chowdhury,52,1773922.0,6,Ahmedabad,Finance,
2469,Devika Malhotra,51,-32988.0,20,Mysore,Finance,2.6
2470,Rohit Nair,24,1100967.0,3,Bangalore,IT,2.9
2471,Mohan Patil,30,264234.0,10,Kolkata,Operations,3.7
2472,Kiran Khanna,38,821251.0,1,Gurgaon,Operations,4.2
2473,Ramesh Khanna,54,927689.0,8,Lucknow,Sales,3.2
2474,Priya Kapoor,25,1309078.0,5,Kochi,Legal,3.8
2475,Pankaj Reddy,50,494555.0,29,Bhubaneswar,Legal,3.4
2476,Sameer Yadav,32,-217059.0,7,Bhubaneswar,Management,4.9
2477,Kunal Reddy,52,120000.0,5,Chennai,Finance,
2478,Pankaj Malhotra,22,907424.0,4,Pune,HR,3.7
2479,Pooja Iyer,22,-245675.0,4,Surat,IT,2.8
2480,Anu Iyer,52,1132401.0,31,Jaipur,IT,3.6
2481,Sneha Kapoor,25,319691.0,6,Delhi,Finance,3.0
2482,Preeti Saxena,35,762072.0,9,Surat,Management,4.2
2483,Aditya Shukla,51,860695.0,6,Goa,Customer Support,3.0
2484,Priya Sharma,43,1136205.0,13,Kolkata,Legal,3.9
2485,Vikas Reddy,42,1555274.0,19,Kolkata,IT,3.6
2486,Devika Malhotra,28,1254790.0,3,Varanasi,Finance,4.3
2487,Tarun Khanna,27,395799.0,0,Jaipur,Customer Support,3.8
2488,Alok Reddy,44,989813.0,4,Goa,Management,4.7
2489,Isha Shukla,44,1268951.0,12,Hyderabad,Management,4.4
2490,Ramesh Bansal,24,1280619.0,2,Delhi,Marketing,4.0
2491,Ramesh Rao,46,705867.0,25,Surat,Sales,2.7
2492,Nitin Nair,45,1314505.0,16,Ahmedabad,Finance,
2493,Nitin Bansal,37,120000.0,16,Varanasi,HR,
2494,Pankaj Saxena,40,797468.0,20,Noida,Legal,3.2
2495,Shweta Das,29,1040913.0,1,Chennai,Management,2.7
2496,Priya Iyer,29,722048.0,4,Mysore,Customer Support,5.0
2497,Vikas Reddy,47,996703.0,3,Pune,Customer Support,4.4
2498,Rakesh Desai,28,861997.0,5,Lucknow,Marketing,4.5
2499,Ramesh Shukla,58,120000.0,,Noida,Operations,2.6
2500,Pooja Bansal,40,1179950.0,16,Bhubaneswar,Customer Support,2.9
2501,Sneha Verma,60,931646.0,17,Bangalore,Finance,3.9
2502,Suresh Kapoor,28,852550.0,7,Gurgaon,IT,4.8
2503,Sameer Sharma,38,997692.0,12,Mysore,IT,4.8
2504,Gopal Iyer,32,354899.0,2,Hyderabad,Marketing,2.9
2505,Sagar Das,31,120000.0,13,Kolkata,IT,4.4
2506,Hema Mishra,52,761340.0,1,Goa,Sales,2.5
2507,Rakesh Bansal,27,378611.0,3,Chennai,Operations,2.9
2508,Manish Kapoor,48,1426086.0,5,Delhi,IT,3.7
2509,Kunal Reddy,45,579995.0,23,Noida,Marketing,3.0
2510,Tarun Shukla,41,936296.0,22,Chennai,IT,2.5
2511,Amit Das,32,209485.0,1,Noida,IT,4.5
2512,Kumar Das,28,238123.0,0,Kolkata,Customer Support,3.0
2513,Amit Mishra,22,1277366.0,1,Jaipur,Customer Support,2.6
2514,Vikas Rao,59,514095.0,35,Pune,Legal,4.0
2515,Sameer Verma,58,385661.0,34,Nagpur,Marketing,4.7
2516,Amit Iyer,24,1090740.0,4,Mumbai,Sales,
2517,Sagar Kapoor,49,553019.0,27,Bangalore,Sales,3.3
2518,Sunil Tiwari,27,208182.0,7,Jaipur,Operations,4.6
2519,Isha Shukla,36,1080415.0,10,Bangalore,Finance,4.5
2520,Priya Patil,60,838053.0,26,Jaipur,Legal,4.1
2521,Devika Joshi,50,867698.0,6,Delhi,Legal,4.0
2522,Swati Bansal,29,870405.0,0,Chennai,Marketing,3.8
2523,Preeti Patil,58,,3,Jaipur,R&D,3.9
2524,Priya Iyer,43,501679.0,14,Nagpur,Operations,3.9
2525,Gopal Choudhary,40,686729.0,,Jaipur,Sales,3.0
2526,Pooja Reddy,42,,inf,Varanasi,IT,2.9
2527,Kumar Yadav,58,1170323.0,11,Ahmedabad,R&D,3.0
2528,Sameer Malhotra,37,936259.0,11,Hyderabad,R&D,5.0
2529,Anu Rao,25,452989.0,0,Nagpur,Legal,3.8
2530,Ramesh Nair,36,543653.0,16,Varanasi,Customer Support,2.9
2531,Aditya Pandey,51,1028266.0,14,Pune,Customer Support,3.5
2532,Suresh Iyer,45,1471327.0,11,Jaipur,Legal,
2533,Tarun Choudhary,42,659523.0,7,Kochi,HR,2.7
2534,Tarun Pandey,55,1187350.0,12,Ahmedabad,Marketing,4.5
2535,Neha Yadav,59,-167010.0,25,Surat,Legal,2.5
2536,Tarun Chowdhury,30,1058442.0,7,Bhubaneswar,Operations,3.3
2537,Swati Iyer,47,405796.0,0,Dehradun,Operations,3.5
2538,Mohan Chowdhury,55,433771.0,36,Nagpur,Legal,3.5
2539,Kiran Yadav,46,286450.0,5,Kolkata,R&D,4.6
2540,Kunal Khanna,22,1171437.0,1,Ahmedabad,Management,5.0
2541,Deepika Kapoor,47,734774.0,22,Dehradun,Finance,4.8
2542,Hema Yadav,53,1011187.0,15,Gurgaon,Operations,4.7
2543,Devika Saxena,57,1925926.0,11,Goa,Sales,4.0
2544,Anu Saxena,45,1077990.0,8,Noida,Marketing,2.7
2545,Vinod Khanna,47,543426.0,23,Bhubaneswar,Management,3.5
2546,Swati Joshi,23,1154125.0,3,Chennai,Customer Support,4.6
2547,Meera Malhotra,22,834770.0,,Kochi,Finance,2.9
2548,Rajesh Das,55,139854.0,24,Lucknow,Customer Support,2.5
2549,Kiran Chowdhury,33,1197023.0,6,Bangalore,Sales,2.7
2550,Meera Reddy,31,140238.0,6,Goa,HR,2.8
2551,Sneha Mehta,21,656699.0,2,Mumbai,HR,3.5
2552,Kunal Khanna,27,1413739.0,6,Chennai,Operations,4.4
2553,Sneha Aggarwal,51,1237490.0,,Delhi,Legal,2.8
2554,Manish Reddy,48,1191040.0,1,Jaipur,Legal,3.6
2555,Gopal Kumar,38,191641.0,7,Ahmedabad,Operations,3.8
2556,Manish Shukla,35,,6,Mumbai,Finance,2.8
2557,Sameer Bansal,56,563524.0,15,Lucknow,Marketing,4.9
2558,Swati Reddy,51,670293.0,30,Delhi,Management,2.7
2559,Suresh Choudhary,55,120000.0,4,Ahmedabad,Finance,3.0
2560,Swati Sharma,21,612335.0,0,Goa,IT,2.8
2561,Shweta Mehta,33,1461856.0,12,Goa,Sales,2.6
2562,Aditya Tiwari,22,1112965.0,1,Delhi,HR,4.1
2563,Kiran Joshi,58,369893.0,26,Bangalore,HR,4.4
2564,Preeti Malhotra,30,,1,Bangalore,Management,4.1
2565,Anu Mehta,32,473892.0,2,Pune,IT,4.5
2566,Swati Reddy,47,306032.0,2,Ahmedabad,IT,3.7
2567,Kavita Sharma,24,1261277.0,6,Kochi,Customer Support,3.3
2568,Anu Nair,44,930469.0,11,Ahmedabad,HR,
2569,Mohan Reddy,29,1158011.0,8,Goa,Sales,
2570,Sneha Sharma,44,1227307.0,15,Kolkata,Management,3.0
2571,Ramesh Aggarwal,54,748518.0,7,Dehradun,R&D,3.0
2572,Alok Singh,48,1165245.0,21,Kolkata,Finance,4.1
2573,Vikas Verma,42,1184802.0,20,Noida,Management,3.1
2574,Pankaj Patil,26,366013.0,5,Surat,Legal,3.3
2575,Hema Kapoor,33,564835.0,12,Delhi,R&D,3.3
2576,Rohit Malhotra,35,749799.0,10,Lucknow,R&D,2.8
2577,Shweta Khanna,34,739039.0,7,Mumbai,Finance,4.3
2578,Suresh Malhotra,31,420934.0,11,Pune,R&D,2.8
2579,Hema Aggarwal,24,1535231.0,1,Pune,Sales,3.0
2580,Amit Desai,57,1124790.0,30,Hyderabad,IT,3.8
2581,Gopal Bansal,48,685211.0,12,Bangalore,Customer Support,4.1
2582,Neha Tiwari,49,651713.0,,Mysore,Legal,4.2
2583,Kavita Shukla,58,346956.0,34,Hyderabad,Management,2.5
2584,Rakesh Malhotra,55,1143258.0,13,Kolkata,Finance,4.2
2585,Amit Kapoor,49,973391.0,2,Bangalore,HR,3.4
2586,Nitin Mehta,48,460913.0,19,Noida,R&D,2.7
2587,Rajesh Mishra,23,459627.0,1,Nagpur,Management,3.1
2588,Kiran Tiwari,31,678931.0,11,Kochi,Sales,3.9
2589,Tarun Choudhary,31,,1,Noida,HR,3.5
2590,Gopal Tiwari,26,615820.0,inf,Surat,Sales,2.8
2591,Pankaj Mehta,54,964646.0,35,Kochi,Legal,2.6
2592,Sneha Chowdhury,45,1298706.0,21,Gurgaon,Finance,2.9
2593,Shweta Reddy,38,332020.0,8,Goa,R&D,4.7
2594,Anjali Patil,26,1241496.0,2,Mysore,IT,3.2
2595,Vikas Shukla,21,1273051.0,0,Surat,IT,4.8
2596,Amit Rao,48,1277577.0,16,Nagpur,IT,4.9
2597,Isha Mishra,32,937744.0,3,Noida,HR,3.7
2598,Arjun Yadav,21,1109889.0,0,Bhubaneswar,Legal,2.6
2599,Amit Choudhary,50,8060212.0,6,Goa,Customer Support,3.8
2600,Ramesh Iyer,28,984246.0,4,Kolkata,Customer Support,3.6
2601,Deepika Desai,48,903362.0,21,Pune,Customer Support,5.0
2602,Pankaj Iyer,52,913231.0,24,Chennai,HR,4.5
2603,Deepika Kumar,43,750002.0,13,Dehradun,Marketing,2.7
2604,Anu Mishra,60,286504.0,27,Pune,Customer Support,4.5
2605,Tarun Choudhary,32,848716.0,0,Nagpur,Sales,2.6
2606,Sagar Pandey,40,433974.0,11,Goa,Sales,2.6
2607,Rajesh Sharma,24,904173.0,3,Varanasi,Operations,2.7
2608,Amit Das,56,952733.0,15,Kochi,Sales,2.7
2609,Kavita Kumar,59,151383.0,4,Noida,Legal,4.3
2610,Swati Kapoor,30,794039.0,7,Kolkata,Management,3.5
2611,Tarun Shukla,22,450868.0,1,Surat,Customer Support,4.7
2612,Sunil Mehta,49,1015405.0,13,Mysore,IT,4.5
2613,Devika Pandey,54,568519.0,17,Chennai,Marketing,2.6
2614,Manish Malhotra,34,772584.0,8,Chennai,Management,3.2
2615,Priya Tiwari,21,1020482.0,0,Surat,Marketing,4.1
2616,Rakesh Yadav,49,500938.0,27,Varanasi,Finance,2.7
2617,Sameer Saxena,32,999716.0,14,Hyderabad,Management,3.0
2618,Ramesh Verma,48,813889.0,24,Mumbai,Finance,2.7
2619,Ramesh Tiwari,59,982666.0,10,Lucknow,Operations,3.1
2620,Nitin Rao,38,844772.0,4,Delhi,Sales,
2621,Anu Joshi,30,615909.0,7,Hyderabad,HR,4.9
2622,Rohit Desai,25,835547.0,5,Nagpur,Finance,2.9
2623,Suresh Choudhary,39,639699.0,2,Delhi,Finance,2.9
2624,Ramesh Joshi,49,1422843.0,5,Ahmedabad,Finance,3.5
2625,Sneha Khanna,48,300736.0,12,Goa,R&D,3.8
2626,Nitin Kapoor,35,570512.0,7,Varanasi,IT,4.6
2627,Aditya Kapoor,51,308732.0,26,Jaipur,Sales,2.6
2628,Deepika Singh,30,667954.0,9,Hyderabad,IT,2.9
2629,Manish Verma,21,992100.0,2,Dehradun,Management,3.6
2630,Amit Patil,28,752171.0,9,Gurgaon,Marketing,3.6
2631,Meera Reddy,26,1384987.0,8,Nagpur,HR,3.7
2632,Sneha Tiwari,46,1005439.0,19,Ahmedabad,IT,2.9
2633,Kavita Verma,34,1010008.0,1,Mysore,Customer Support,
2634,Sneha Verma,40,251946.0,4,Kolkata,Operations,4.4
2635,Kavita Pandey,30,635474.0,11,Jaipur,Sales,4.1
2636,Meera Pandey,54,815614.0,2,Surat,Sales,4.0
2637,Sunil Kumar,57,915790.0,5,Dehradun,HR,2.9
2638,Rohit Mehta,25,524857.0,4,Bhubaneswar,Finance,4.9
2639,Vikas Gupta,44,1140668.0,10,Varanasi,HR,3.8
2640,Arjun Das,23,970782.0,inf,Kolkata,Marketing,3.9
2641,Sunil Mishra,45,1487236.0,5,Kolkata,Management,3.0
2642,Gopal Verma,41,490353.0,15,Chennai,Sales,2.6
2643,Kunal Chowdhury,45,513069.0,4,Bangalore,Marketing,3.2
2644,Kumar Aggarwal,47,798895.0,24,Lucknow,Finance,4.9
2645,Pooja Khanna,55,896666.0,,Nagpur,Sales,4.2
2646,Irfan Kumar,41,1355977.0,4,Dehradun,Operations,4.9
2647,Sagar Reddy,54,992452.0,10,Nagpur,Management,3.0
2648,Swati Das,57,1221116.0,31,Bhubaneswar,Management,3.4
2649,Nitin Iyer,54,1215310.0,27,Surat,Marketing,4.2
2650,Anu Tiwari,39,1183146.0,13,Pune,Sales,3.9
2651,Pankaj Yadav,51,1202295.0,25,Delhi,Operations,3.8
2652,Neha Das,37,797775.0,12,Pune,Legal,4.6
2653,Shweta Iyer,29,1219890.0,11,Chennai,R&D,3.9
2654,Mohan Malhotra,37,,4,Delhi,Legal,4.8
2655,Alok Bansal,45,972462.0,25,Surat,Marketing,3.2
2656,Ramesh Tiwari,22,964466.0,1,Bangalore,HR,3.4
2657,Vinod Joshi,27,744025.0,5,Bhubaneswar,Finance,2.5
2658,Sameer Das,57,1339141.0,0,Hyderabad,R&D,4.8
2659,Swati Choudhary,22,798627.0,,Chennai,Sales,4.2
2660,Deepika Reddy,38,493186.0,16,Surat,Sales,3.0
2661,Neha Joshi,27,983483.0,6,Nagpur,Marketing,4.1
2662,Kunal Joshi,48,447485.0,8,Mysore,Management,4.6
2663,Isha Desai,46,197191.0,3,Delhi,Operations,4.3
2664,Vinod Saxena,57,815401.0,4,Mysore,Management,3.6
2665,Sneha Yadav,33,169883.0,12,Jaipur,Legal,
2666,Riya Tiwari,57,120000.0,4,Dehradun,HR,3.5
2667,Suresh Reddy,41,1025795.0,14,Dehradun,HR,4.8
2668,Kavita Sharma,35,369854.0,11,Noida,IT,4.7
2669,Arjun Shukla,23,336935.0,3,Kolkata,Finance,2.9
2670,Hema Aggarwal,47,1019008.0,24,Dehradun,Sales,4.4
2671,Alok Desai,56,1038718.0,13,Delhi,Sales,3.5
2672,Vikas Singh,42,286179.0,4,Gurgaon,HR,3.0
2673,Aditya Joshi,49,1242887.0,6,Chennai,Customer Support,4.4
2674,Manish Sharma,50,942804.0,32,Goa,R&D,3.6
2675,Aditya Singh,24,1111519.0,3,Gurgaon,Management,2.6
2676,Manish Singh,35,814425.0,12,Kolkata,Sales,4.7
2677,Neha Khanna,34,480726.0,inf,Hyderabad,R&D,4.1
2678,Suresh Aggarwal,36,120000.0,13,Ahmedabad,IT,3.2
2679,Sunil Mehta,21,855945.0,1,Gurgaon,R&D,2.9
2680,Kavita Singh,40,1048210.0,14,Delhi,Operations,3.3
2681,Isha Chowdhury,59,736029.0,9,Varanasi,Customer Support,
2682,Shweta Reddy,48,391503.0,21,Noida,Customer Support,4.7
2683,Sameer Reddy,43,1165344.0,10,Nagpur,HR,3.6
2684,Preeti Patil,28,1360784.0,10,Hyderabad,Marketing,2.7
2685,Rohit Sharma,50,332621.0,0,Mumbai,Marketing,4.7
2686,Tarun Das,56,273347.0,24,Goa,Management,2.7
2687,Arjun Patil,59,467075.0,8,Goa,R&D,3.3
2688,Suresh Bansal,50,797877.0,22,Bhubaneswar,Operations,3.6
2689,Sagar Saxena,22,940777.0,4,Noida,Legal,2.6
2690,Mohan Kumar,46,956396.0,20,Kolkata,Operations,4.6
2691,Shweta Khanna,42,1020325.0,17,Dehradun,Finance,4.2
2692,Ramesh Patil,40,1279398.0,7,Pune,HR,4.6
2693,Kumar Joshi,24,1146726.0,4,Bhubaneswar,Legal,2.9
2694,Riya Mehta,30,1356253.0,10,Kolkata,Legal,4.2
2695,Mohan Joshi,27,624041.0,0,Nagpur,Customer Support,
2696,Preeti Kumar,50,3328038.0,32,Pune,Operations,3.8
2697,Tarun Verma,32,906825.0,12,Lucknow,Management,4.6
2698,Pooja Joshi,51,834182.0,22,Mysore,Legal,2.7
2699,Riya Aggarwal,31,227497.0,11,Jaipur,HR,2.9
2700,Kiran Chowdhury,47,,14,Surat,Finance,3.9
2701,Swati Yadav,37,731940.0,2,Mysore,IT,4.2
2702,Vinod Gupta,29,1150329.0,11,Gurgaon,Customer Support,3.0
2703,Pooja Pandey,43,120000.0,18,Bangalore,Finance,3.2
2704,Pankaj Khanna,35,120000.0,11,Bangalore,Finance,2.7
2705,Shweta Mishra,54,1313046.0,16,Delhi,IT,3.2
2706,Gopal Chowdhury,24,230809.0,0,Mysore,Legal,4.4
2707,Rajesh Desai,25,829719.0,3,Varanasi,Management,4.5
2708,Anjali Sharma,24,,3,Chennai,Management,3.9
2709,Pankaj Saxena,28,643048.0,8,Mysore,IT,2.5
2710,Manish Malhotra,24,465764.0,0,Bangalore,Marketing,3.0
2711,Preeti Aggarwal,35,697216.0,10,Noida,R&D,3.4
2712,Sagar Rao,60,740243.0,7,Varanasi,Finance,
2713,Manish Rao,49,928906.0,5,Mumbai,Marketing,3.5
2714,Riya Aggarwal,45,671317.0,17,Varanasi,IT,4.4
2715,Gopal Malhotra,37,1244443.0,1,Kolkata,R&D,4.3
2716,Rohit Aggarwal,55,694331.0,15,Chennai,IT,4.2
2717,Neha Verma,36,1001196.0,0,Kolkata,Marketing,3.3
2718,Arjun Aggarwal,32,2310410.0,13,Noida,Sales,3.9
2719,Alok Reddy,60,1468074.0,14,Hyderabad,Finance,4.1
2720,Anjali Singh,23,332724.0,2,Kochi,IT,4.6
2721,Preeti Kapoor,23,850830.0,2,Goa,HR,4.7
2722,Ramesh Sharma,41,859004.0,0,Hyderabad,Operations,
2723,Ramesh Bansal,22,424456.0,1,Surat,Legal,
2724,Ramesh Joshi,26,1080807.0,8,Bhubaneswar,Operations,4.6
2725,Rohit Mishra,42,120000.0,23,Goa,Operations,3.9
2726,Sunil Desai,51,874479.0,26,Mysore,Finance,4.5
2727,Gopal Nair,28,278795.0,7,Delhi,Finance,3.2
2728,Rakesh Rao,51,931222.0,33,Surat,Management,3.5
2729,Rakesh Mishra,39,1385674.0,14,Goa,Customer Support,3.6
2730,Pooja Rao,29,1300799.0,,Mysore,Operations,3.6
2731,Sneha Saxena,32,763716.0,14,Gurgaon,Legal,4.8
2732,Rohit Nair,45,606047.0,16,Kochi,Legal,3.3
2733,Preeti Patil,31,407555.0,12,Kolkata,Sales,2.9
2734,Vinod Kapoor,53,8983553.0,18,Mysore,Management,3.8
2735,Devika Patil,28,745185.0,3,Bangalore,Operations,3.3
2736,Devika Tiwari,53,871156.0,33,Ahmedabad,Sales,4.2
2737,Rajesh Tiwari,21,349573.0,1,Dehradun,Marketing,4.1
2738,Alok Pandey,34,797556.0,11,Dehradun,R&D,3.0
2739,Suresh Malhotra,35,1486356.0,7,Kolkata,Marketing,3.6
2740,Manish Das,48,282104.0,15,Dehradun,Legal,3.1
2741,Rohit Reddy,53,614488.0,16,Mumbai,Marketing,3.0
2742,Rajesh Patil,49,612468.0,21,Chennai,Legal,4.9
2743,Riya Shukla,45,849927.0,27,Jaipur,Marketing,4.8
2744,Gopal Iyer,34,2168010.0,16,Surat,Customer Support,
2745,Rohit Patil,22,120000.0,1,Kochi,HR,3.8
2746,Sagar Sharma,21,1095154.0,2,Ahmedabad,Management,2.6
2747,Neha Saxena,33,829682.0,7,Surat,IT,4.3
2748,Aditya Chowdhury,55,1005388.0,6,Lucknow,Operations,4.1
2749,Alok Singh,56,741144.0,14,Mumbai,Customer Support,3.3
2750,Gopal Malhotra,30,1250592.0,10,Jaipur,Operations,3.7
2751,Rakesh Aggarwal,26,,3,Bhubaneswar,HR,
2752,Anu Khanna,31,923001.0,inf,Kolkata,Management,4.3
2753,Neha Pandey,41,869410.0,22,Varanasi,R&D,3.7
2754,Vinod Nair,29,120000.0,0,Lucknow,Sales,2.7
2755,Devika Nair,27,211488.0,3,Kochi,Marketing,4.7
2756,Hema Reddy,40,378671.0,3,Pune,Marketing,3.9
2757,Deepika Shukla,54,993313.0,30,Pune,Finance,
2758,Anjali Yadav,26,,2,Gurgaon,Customer Support,3.7
2759,Suresh Pandey,28,471484.0,1,Nagpur,Sales,4.9
2760,Neha Rao,30,1254114.0,5,Hyderabad,IT,4.6
2761,Preeti Reddy,48,326137.0,0,Pune,Customer Support,3.0
2762,Hema Patil,42,330752.0,15,Surat,IT,4.3
2763,Neha Tiwari,24,737991.0,,Chennai,Finance,2.8
2764,Sagar Malhotra,28,7637068.0,2,Mysore,Operations,4.9
2765,Mohan Iyer,24,753669.0,1,Delhi,Marketing,3.4
2766,Gopal Saxena,57,1083335.0,0,Pune,Operations,4.7
2767,Manish Patil,33,1365853.0,13,Jaipur,Sales,3.0
2768,Rohit Reddy,49,449100.0,10,Mumbai,Legal,3.8
2769,Vinod Rao,48,222256.0,25,Kochi,HR,3.0
2770,Vinod Saxena,37,876868.0,1,Ahmedabad,HR,4.7
2771,Amit Mehta,47,725918.0,24,Delhi,Customer Support,3.6
2772,Shweta Rao,48,1036002.0,1,Jaipur,R&D,3.6
2773,Neha Bansal,46,822581.0,18,Chennai,Finance,4.5
2774,Priya Verma,40,972375.0,5,Lucknow,Marketing,3.1
2775,Vinod Iyer,26,,8,Surat,Sales,4.2
2776,Devika Rao,36,939660.0,13,Nagpur,Management,3.4
2777,Hema Sharma,35,1055856.0,inf,Nagpur,Management,4.1
2778,Deepika Khanna,33,324385.0,15,Mumbai,Marketing,3.6
2779,Meera Joshi,54,1157205.0,0,Hyderabad,Operations,3.8
2780,Devika Sharma,52,1054038.0,28,Gurgaon,Operations,4.3
2781,Nitin Desai,28,783531.0,3,Gurgaon,Legal,3.6
2782,Priya Saxena,39,722721.0,0,Noida,Marketing,3.4
2783,Riya Saxena,41,613238.0,17,Kolkata,Finance,4.1
2784,Anu Reddy,43,120000.0,11,Mumbai,Finance,4.3
2785,Kavita Joshi,53,698340.0,27,Kolkata,Sales,5.0
2786,Irfan Pandey,55,1055365.0,11,Kochi,R&D,4.0
2787,Sameer Das,39,5475608.0,14,Nagpur,Operations,3.1
2788,Sneha Mishra,25,1017119.0,7,Noida,IT,3.3
2789,Kumar Kumar,50,1211064.0,5,Dehradun,R&D,2.7
2790,Isha Desai,40,551784.0,13,Goa,IT,3.2
2791,Vikas Mishra,45,1214523.0,5,Surat,R&D,4.4
2792,Sagar Choudhary,38,565128.0,17,Noida,Management,3.5
2793,Devika Patil,49,1657092.0,26,Goa,Sales,4.0
2794,Deepika Choudhary,60,,40,Dehradun,HR,2.6
2795,Kunal Shukla,45,998504.0,22,Pune,Operations,2.7
2796,Riya Yadav,57,716478.0,7,Nagpur,Operations,4.8
2797,Manish Saxena,25,1617350.0,1,Nagpur,R&D,3.6
2798,Priya Patil,46,1528695.0,25,Kolkata,HR,3.2
2799,Hema Chowdhury,28,978429.0,5,Bangalore,Customer Support,3.7
2800,Manish Chowdhury,37,419531.0,4,Chennai,R&D,3.1
2801,Aditya Bansal,44,951025.0,4,Chennai,Finance,4.6
2802,Arjun Tiwari,35,441045.0,5,Varanasi,Finance,3.8
2803,Isha Desai,45,1212764.0,,Bangalore,Operations,3.0
2804,Ramesh Reddy,59,1610064.0,33,Jaipur,Sales,2.6
2805,Kavita Nair,53,120000.0,33,Jaipur,Sales,4.3
2806,Manish Mishra,50,538658.0,19,Mumbai,Sales,4.0
2807,Hema Khanna,50,216502.0,19,Mysore,IT,4.7
2808,Pankaj Reddy,49,974583.0,inf,Goa,Legal,4.1
2809,Gopal Pandey,51,940616.0,19,Bhubaneswar,HR,4.9
2810,Vikas Sharma,41,1272856.0,14,Ahmedabad,R&D,3.0
2811,Kavita Chowdhury,35,374755.0,4,Ahmedabad,Finance,3.5
2812,Meera Aggarwal,31,835172.0,4,Jaipur,Marketing,4.6
2813,Suresh Desai,30,287791.0,0,Surat,IT,3.4
2814,Deepika Saxena,38,120000.0,17,Pune,Sales,3.6
2815,Neha Singh,25,501750.0,6,Dehradun,Sales,4.0
2816,Kiran Gupta,27,309766.0,1,Ahmedabad,Management,4.7
2817,Hema Patil,57,535553.0,18,Delhi,Finance,2.7
2818,Sneha Aggarwal,44,1226554.0,21,Kochi,Marketing,4.8
2819,Deepika Singh,47,505727.0,18,Goa,IT,4.7
2820,Sneha Shukla,55,737748.0,34,Hyderabad,R&D,2.7
2821,Devika Choudhary,33,1455149.0,10,Bangalore,Finance,3.3
2822,Isha Chowdhury,48,1174116.0,inf,Ahmedabad,Management,4.6
2823,Hema Das,41,810909.0,18,Chennai,Sales,3.0
2824,Sameer Singh,22,1142536.0,1,Pune,Sales,3.6
2825,Neha Mishra,34,1041749.0,3,Bangalore,Finance,3.9
2826,Isha Singh,31,940170.0,1,Gurgaon,Operations,3.8
2827,Devika Sharma,21,615153.0,2,Jaipur,HR,4.5
2828,Pooja Sharma,38,764119.0,9,Varanasi,Legal,2.9
2829,Sameer Mehta,54,997191.0,23,Kochi,Legal,4.5
2830,Gopal Sharma,51,,4,Kolkata,Customer Support,3.5
2831,Nitin Saxena,29,1100494.0,7,Mysore,Sales,3.8
2832,Ramesh Mishra,26,1310716.0,4,Ahmedabad,Customer Support,3.8
2833,Shweta Reddy,29,570604.0,10,Mumbai,Sales,2.5
2834,Rajesh Malhotra,36,424645.0,18,Surat,Customer Support,3.6
2835,Arjun Kapoor,49,404300.0,31,Noida,Customer Support,4.2
2836,Gopal Chowdhury,54,120000.0,7,Kolkata,R&D,2.8
2837,Preeti Patil,49,755111.0,1,Pune,Operations,4.4
2838,Shweta Aggarwal,54,831741.0,6,Hyderabad,Legal,4.8
2839,Ramesh Kapoor,60,687911.0,26,Dehradun,Customer Support,4.3
2840,Suresh Sharma,25,385089.0,6,Chennai,Finance,2.9
2841,Manish Joshi,31,906375.0,6,Kolkata,Legal,2.9
2842,Kumar Kumar,38,387814.0,3,Noida,Legal,2.7
2843,Gopal Reddy,23,120000.0,3,Lucknow,Sales,2.7
2844,Kunal Choudhary,44,738053.0,23,Kochi,Marketing,3.3
2845,Arjun Desai,26,727256.0,7,Noida,Legal,3.4
2846,Isha Aggarwal,45,1367024.0,22,Nagpur,Management,4.3
2847,Rajesh Desai,49,1288188.0,1,Pune,Legal,4.1
2848,Gopal Singh,39,1741716.0,14,Mumbai,Operations,5.0
2849,Arjun Chowdhury,31,120000.0,13,Dehradun,HR,4.0
2850,Anjali Nair,40,882312.0,11,Ahmedabad,Customer Support,4.4
2851,Meera Nair,22,144298.0,3,Nagpur,HR,2.7
2852,Kunal Das,46,1018784.0,23,Lucknow,Legal,2.7
2853,Anjali Saxena,23,553966.0,1,Bhubaneswar,Sales,3.2
2854,Riya Aggarwal,60,730564.0,25,Mysore,Management,4.3
2855,Aditya Shukla,37,679540.0,10,Jaipur,R&D,2.7
2856,Tarun Rao,51,775749.0,14,Bhubaneswar,Marketing,2.6
2857,Irfan Saxena,52,813467.0,30,Chennai,HR,2.7
2858,Neha Bansal,37,1023481.0,17,Lucknow,Operations,4.5
2859,Tarun Iyer,30,1162572.0,1,Nagpur,HR,4.3
2860,Swati Mishra,59,628945.0,30,Chennai,Operations,3.3
2861,Sameer Rao,48,1243910.0,10,Bhubaneswar,HR,2.6
2862,Kunal Gupta,56,291530.0,inf,Surat,Marketing,
2863,Shweta Bansal,44,214352.0,19,Varanasi,Legal,3.6
2864,Sameer Pandey,30,1119318.0,4,Lucknow,HR,3.0
2865,Isha Mehta,27,746137.0,6,Bhubaneswar,HR,2.7
2866,Manish Desai,30,120000.0,12,Mysore,HR,2.7
2867,Sneha Pandey,57,854575.0,12,Lucknow,Management,3.4
2868,Vikas Sharma,52,162087.0,3,Gurgaon,IT,2.7
2869,Hema Reddy,57,827681.0,34,Mumbai,Management,3.8
2870,Sameer Pandey,44,873608.0,22,Pune,Customer Support,4.1
2871,Amit Gupta,45,-136032.0,10,Hyderabad,Management,3.4
2872,Mohan Gupta,30,440119.0,10,Lucknow,Sales,4.1
2873,Neha Iyer,21,656485.0,3,Mumbai,Customer Support,4.2
2874,Sunil Tiwari,28,740849.0,6,Lucknow,R&D,4.6
2875,Arjun Singh,28,151132.0,0,Dehradun,Customer Support,3.1
2876,Kiran Mehta,26,1634085.0,0,Gurgaon,Sales,4.3
2877,Rajesh Bansal,21,1193990.0,3,Surat,Finance,3.8
2878,Anjali Mehta,33,366294.0,5,Chennai,R&D,2.6
2879,Sunil Iyer,54,808579.0,14,Delhi,Management,
2880,Priya Malhotra,45,948967.0,15,Mysore,Management,4.0
2881,Kumar Reddy,36,1057751.0,17,Varanasi,Sales,4.1
2882,Sameer Joshi,37,1144012.0,17,Jaipur,Management,4.1
2883,Vinod Joshi,47,1213616.0,4,Gurgaon,Sales,4.3
2884,Shweta Yadav,60,584073.0,30,Kolkata,R&D,3.3
2885,Irfan Iyer,24,454137.0,0,Pune,Management,2.9
2886,Shweta Chowdhury,30,966678.0,12,Dehradun,Operations,4.4
2887,Isha Reddy,23,-37657.0,2,Pune,Finance,3.3
2888,Sunil Desai,60,1390466.0,35,Hyderabad,Finance,2.8
2889,Irfan Iyer,31,858260.0,2,Bhubaneswar,HR,2.8
2890,Kiran Khanna,45,685275.0,14,Delhi,Customer Support,3.9
2891,Gopal Verma,44,535100.0,10,Lucknow,HR,5.0
2892,Vikas Sharma,60,1187817.0,1,Dehradun,Operations,2.6
2893,Manish Rao,40,604335.0,19,Delhi,Legal,
2894,Kiran Yadav,51,668863.0,27,Goa,Operations,3.4
2895,Arjun Kapoor,33,740070.0,3,Delhi,Finance,2.8
2896,Sunil Mehta,44,120000.0,10,Nagpur,HR,4.1
2897,Devika Tiwari,42,958606.0,2,Bangalore,IT,4.2
2898,Vinod Gupta,26,553151.0,7,Lucknow,Legal,2.7
2899,Sameer Pandey,21,810661.0,1,Hyderabad,Management,4.0
2900,Kunal Iyer,53,867243.0,inf,Kochi,Marketing,2.7
2901,Sunil Khanna,43,1042431.0,10,Mysore,Operations,4.0
2902,Sunil Bansal,37,967463.0,17,Pune,Sales,2.6
2903,Preeti Iyer,50,1116627.0,9,Chennai,Management,2.6
2904,Deepika Shukla,41,154406.0,4,Mysore,Finance,2.5
2905,Pooja Kumar,38,641595.0,15,Nagpur,Customer Support,4.9
2906,Meera Khanna,24,643076.0,3,Pune,Management,4.9
2907,Meera Nair,40,960134.0,4,Varanasi,Legal,2.7
2908,Kumar Desai,47,1466757.0,22,Pune,Finance,4.5
2909,Shweta Mishra,58,1131991.0,24,Chennai,Legal,3.8
2910,Devika Choudhary,38,287498.0,15,Jaipur,Sales,3.3
2911,Irfan Khanna,56,432781.0,12,Nagpur,Legal,4.3
2912,Swati Pandey,53,,1,Delhi,Management,3.7
2913,Ramesh Saxena,45,838702.0,14,Lucknow,Finance,3.3
2914,Riya Singh,24,1285795.0,5,Ahmedabad,Management,4.0
2915,Rajesh Tiwari,39,278865.0,2,Chennai,Finance,2.9
2916,Manish Verma,44,1215224.0,20,Surat,Finance,2.7
2917,Vinod Saxena,31,544982.0,0,Mumbai,Sales,4.9
2918,Deepika Pandey,41,-161854.0,22,Goa,R&D,3.0
2919,Rajesh Yadav,35,804326.0,6,Chennai,R&D,
2920,Irfan Patil,38,824987.0,8,Surat,HR,3.6
2921,Kumar Choudhary,53,971299.0,19,Pune,Legal,3.4
2922,Priya Tiwari,35,1126902.0,10,Pune,Customer Support,3.5
2923,Sneha Saxena,46,829511.0,7,Bangalore,Legal,2.5
2924,Riya Choudhary,24,1152583.0,1,Goa,Operations,3.5
2925,Riya Patil,23,1122228.0,5,Delhi,Customer Support,2.8
2926,Manish Saxena,58,924815.0,25,Surat,IT,
2927,Anu Malhotra,50,802345.0,17,Delhi,Marketing,3.0
2928,Kumar Shukla,21,1038163.0,2,Varanasi,HR,3.6
2929,Pooja Kapoor,31,120000.0,9,Surat,Operations,3.4
2930,Rohit Kumar,52,943432.0,29,Bhubaneswar,R&D,2.9
2931,Rajesh Nair,53,398527.0,13,Surat,HR,4.7
2932,Tarun Kapoor,23,780049.0,2,Dehradun,HR,4.6
2933,Aditya Kapoor,46,833440.0,20,Bhubaneswar,Finance,4.7
2934,Swati Rao,21,1137339.0,1,Noida,HR,3.0
2935,Riya Sharma,39,446640.0,11,Surat,IT,3.3
2936,Kiran Desai,34,414046.0,15,Ahmedabad,Operations,
2937,Pooja Aggarwal,45,1466196.0,0,Surat,IT,4.4
2938,Alok Khanna,37,781090.0,7,Nagpur,Customer Support,
2939,Suresh Kapoor,49,3076964.0,1,Gurgaon,Customer Support,3.0
2940,Neha Rao,57,120000.0,28,Lucknow,Finance,
2941,Kunal Nair,48,448944.0,inf,Hyderabad,Management,
2942,Sameer Mishra,42,1322274.0,5,Chennai,Finance,4.9
2943,Shweta Sharma,49,737782.0,26,Dehradun,IT,3.9
2944,Anu Verma,25,954367.0,,Bangalore,Legal,3.0
2945,Nitin Desai,56,584441.0,9,Lucknow,Finance,3.5
2946,Aditya Gupta,53,,15,Dehradun,Sales,3.7
2947,Pooja Yadav,27,272222.0,2,Bangalore,Customer Support,5.0
2948,Shweta Mehta,36,891098.0,1,Ahmedabad,Management,
2949,Aditya Joshi,49,1271446.0,10,Jaipur,Legal,3.7
2950,Sunil Iyer,59,120000.0,19,Noida,Legal,3.3
2951,Pooja Pandey,52,173665.0,8,Dehradun,Operations,3.7
2952,Gopal Kapoor,54,830954.0,20,Jaipur,Legal,4.9
2953,Swati Malhotra,42,769576.0,4,Lucknow,Sales,3.4
2954,Nitin Kapoor,41,391436.0,19,Ahmedabad,Finance,4.5
2955,Aditya Mishra,46,736004.0,12,Noida,Management,
2956,Swati Shukla,37,1261494.0,1,Goa,Customer Support,3.7
2957,Kiran Nair,28,482223.0,8,Kochi,Finance,4.8
2958,Anu Yadav,23,4832043.0,2,Goa,Sales,4.0
2959,Shweta Chowdhury,38,1181459.0,12,Pune,R&D,4.9
2960,Alok Bansal,60,740093.0,14,Kochi,HR,
2961,Suresh Iyer,58,704292.0,39,Surat,IT,3.2
2962,Vikas Iyer,54,645013.0,4,Nagpur,Management,3.5
2963,Vinod Nair,43,667650.0,,Mysore,Sales,2.7
2964,Riya Joshi,57,586963.0,14,Kochi,Operations,3.1
2965,Meera Mehta,35,1399432.0,7,Bangalore,Finance,4.2
2966,Priya Reddy,26,772102.0,6,Lucknow,Finance,3.1
2967,Alok Choudhary,24,968229.0,3,Hyderabad,Sales,
2968,Swati Choudhary,25,1001855.0,2,Jaipur,IT,2.9
2969,Neha Pandey,22,755660.0,4,Varanasi,Legal,3.7
2970,Devika Mehta,28,916049.0,8,Dehradun,Management,4.3
2971,Isha Saxena,54,508621.0,32,Dehradun,Finance,3.0
2972,Kunal Desai,40,640716.0,4,Bhubaneswar,Legal,4.4
2973,Suresh Joshi,36,1102236.0,1,Jaipur,Finance,4.8
2974,Rohit Desai,24,120000.0,4,Dehradun,IT,4.7
2975,Pooja Verma,43,-63111.0,8,Mumbai,IT,4.1
2976,Aditya Sharma,49,437497.0,7,Bhubaneswar,Customer Support,3.8
2977,Rakesh Reddy,57,362485.0,39,Surat,Marketing,2.6
2978,Suresh Sharma,29,287595.0,3,Delhi,HR,2.6
2979,Pooja Shukla,25,120000.0,5,Dehradun,Marketing,3.9
2980,Gopal Tiwari,41,802405.0,7,Jaipur,IT,3.2
2981,Tarun Patil,52,120000.0,14,Jaipur,Customer Support,4.8
2982,Nitin Pandey,44,655112.0,21,Bangalore,Operations,2.6
2983,Mohan Malhotra,48,321912.0,15,Surat,Legal,3.6
2984,Manish Patil,36,836315.0,0,Chennai,R&D,4.7
2985,Ramesh Gupta,21,730596.0,0,Mumbai,Finance,3.3
2986,Rajesh Bansal,26,1009411.0,8,Bangalore,Legal,2.7
2987,Kunal Aggarwal,37,769277.0,15,Bhubaneswar,Operations,3.3
2988,Mohan Iyer,36,887287.0,4,Kolkata,Customer Support,4.3
2989,Rohit Chowdhury,42,1040872.0,17,Mysore,Marketing,3.0
2990,Pooja Tiwari,23,604692.0,3,Bhubaneswar,Management,4.7
2991,Kumar Kumar,41,1296447.0,5,Kochi,Management,4.7
2992,Gopal Kumar,23,1079579.0,0,Varanasi,Operations,3.4
2993,Amit Singh,51,521820.0,33,Mysore,Legal,3.0
2994,Rajesh Saxena,58,816606.0,4,Dehradun,Management,4.8
2995,Kunal Bansal,35,504328.0,12,Kochi,IT,2.6
2996,Kumar Mishra,46,-394172.0,9,Nagpur,IT,4.0
2997,Nitin Das,56,593358.0,12,Delhi,Management,4.1
2998,Pooja Sharma,27,289812.0,1,Lucknow,Marketing,4.2
2999,Sunil Verma,30,1633682.0,12,Noida,Customer Support,3.7
3000,Irfan Reddy,26,646797.0,,Nagpur,HR,2.9
